변환,원자료
2024-07-01,"1,383.80"
2024-07-02,"1,386.90"
2024-07-03,"1,385.80"
2024-07-04,"1,381.00"
2024-07-05,"1,381.40"
2024-07-08,"1,383.10"
2024-07-09,"1,383.50"
2024-07-10,"1,384.00"
2024-07-11,"1,373.00"
2024-07-12,"1,375.70"
2024-07-15,"1,383.20"
2024-07-16,"1,385.00"
2024-07-17,"1,381.30"
2024-07-18,"1,383.40"
2024-07-19,"1,390.20"
2024-07-22,"1,388.20"
2024-07-23,"1,386.10"
2024-07-24,"1,379.90"
2024-07-25,"1,383.00"
2024-07-26,"1,384.00"
2024-07-29,"1,383.70"
2024-07-30,"1,384.60"
2024-07-31,"1,370.20"
2024-08-01,"1,369.80"
2024-08-02,"1,361.50"
2024-08-05,"1,370.00"
2024-08-06,"1,377.60"
2024-08-07,"1,374.00"
2024-08-08,"1,377.20"
2024-08-09,"1,365.30"
2024-08-12,"1,369.60"
2024-08-13,"1,366.50"
2024-08-14,"1,358.00"
2024-08-16,"1,351.30"
2024-08-19,"1,334.80"
2024-08-20,"1,331.50"
2024-08-21,"1,333.80"
2024-08-22,"1,343.50"
2024-08-23,"1,328.00"
2024-08-26,"1,329.80"
2024-08-27,"1,331.50"
2024-08-28,"1,337.00"
2024-08-29,"1,332.50"
2024-08-30,"1,337.50"
2024-09-02,"1,338.50"
2024-09-03,"1,341.40"
2024-09-04,"1,336.00"
2024-09-05,"1,333.50"
2024-09-06,"1,339.90"
2024-09-09,"1,341.00"
2024-09-10,"1,343.80"
2024-09-11,"1,341.50"
2024-09-12,"1,341.60"
2024-09-13,"1,329.60"
2024-09-19,"1,329.20"
2024-09-20,"1,333.00"
2024-09-23,"1,334.80"
2024-09-24,"1,330.40"
2024-09-25,"1,336.10"
2024-09-26,"1,317.40"
2024-09-27,"1,310.10"
2024-09-30,"1,316.80"
2024-10-02,"1,324.40"
2024-10-04,"1,349.50"
2024-10-07,"1,344.50"
2024-10-08,"1,346.00"
2024-10-10,"1,355.20"
2024-10-11,"1,351.30"
2024-10-14,"1,358.50"
2024-10-15,"1,366.30"
2024-10-16,"1,364.50"
2024-10-17,"1,372.70"
2024-10-18,"1,369.30"
2024-10-21,"1,378.80"
2024-10-22,"1,379.60"
2024-10-23,"1,381.60"
2024-10-24,"1,382.30"
2024-10-25,"1,389.20"
2024-10-28,"1,385.70"
2024-10-29,"1,382.20"
2024-10-30,"1,379.80"
2024-10-31,"1,377.00"
2024-11-01,"1,378.00"
2024-11-04,"1,375.50"
2024-11-05,"1,380.10"
2024-11-06,"1,399.30"
2024-11-07,"1,385.70"
2024-11-08,"1,395.30"
2024-11-11,"1,401.00"
2024-11-12,"1,408.90"
2024-11-13,"1,397.50"
2024-11-14,"1,402.50"
2024-11-15,"1,400.00"
2024-11-18,"1,393.50"
2024-11-19,"1,393.00"
2024-11-20,"1,400.90"
2024-11-21,"1,402.00"
2024-11-22,"1,404.20"
2024-11-25,"1,399.00"
2024-11-26,"1,396.10"
2024-11-27,"1,393.00"
2024-11-28,"1,394.50"
2024-11-29,"1,396.50"
2024-12-02,"1,401.70"
2024-12-03,"1,425.00"
2024-12-04,"1,413.60"
2024-12-05,"1,417.30"
2024-12-06,"1,423.00"
2024-12-09,"1,435.00"
2024-12-10,"1,432.80"
2024-12-11,"1,430.90"
2024-12-12,"1,430.50"
2024-12-13,"1,435.20"
2024-12-16,"1,436.00"
2024-12-17,"1,437.10"
2024-12-18,"1,439.10"
2024-12-19,"1,447.30"
2024-12-20,"1,448.50"
2024-12-23,"1,450.90"
2024-12-24,"1,457.50"
2024-12-26,"1,469.60"
2024-12-27,"1,470.50"
2024-12-30,"1,472.30"
2024-12-31,
2025-01-02,"1,469.10"
2025-01-03,"1,469.70"
2025-01-06,"1,459.20"
2025-01-07,"1,453.00"
2025-01-08,"1,459.60"
2025-01-09,"1,460.00"
2025-01-10,"1,472.00"
2025-01-13,"1,467.50"
2025-01-14,"1,462.00"
2025-01-15,"1,454.70"
2025-01-16,"1,457.50"
2025-01-17,"1,457.70"
2025-01-20,"1,440.00"
2025-01-21,"1,435.50"
2025-01-22,"1,436.20"
2025-01-23,"1,433.70"
2025-01-24,"1,431.40"
2025-01-31,"1,453.50"
2025-02-03,"1,462.00"
2025-02-04,"1,451.50"
2025-02-05,"1,443.50"
2025-02-06,"1,447.50"
2025-02-07,"1,454.00"
2025-02-10,"1,451.80"
2025-02-11,"1,452.20"
2025-02-12,"1,456.00"
2025-02-13,"1,446.60"
2025-02-14,"1,441.90"
2025-02-17,"1,442.00"
2025-02-18,"1,439.50"
2025-02-19,"1,441.40"
2025-02-20,"1,435.50"
2025-02-21,"1,433.70"
2025-02-24,"1,430.50"
2025-02-25,"1,434.40"
2025-02-26,"1,433.80"
2025-02-27,"1,445.30"
2025-02-28,"1,460.00"
2025-03-04,"1,460.30"
2025-03-05,"1,450.00"
2025-03-06,"1,445.80"
2025-03-07,"1,449.30"
2025-03-10,"1,455.50"
2025-03-11,"1,455.00"
2025-03-12,"1,452.60"
2025-03-13,"1,457.00"
2025-03-14,"1,453.00"
2025-03-17,"1,445.10"
2025-03-18,"1,451.10"
2025-03-19,"1,463.00"
2025-03-20,"1,466.70"
2025-03-21,"1,467.00"
2025-03-24,"1,469.70"
2025-03-25,"1,463.50"
2025-03-26,"1,467.30"
2025-03-27,"1,464.60"
2025-03-28,"1,469.90"
2025-03-31,"1,473.70"
2025-04-01,"1,471.40"
2025-04-02,"1,463.00"
2025-04-03,"1,453.50"
2025-04-04,"1,461.00"
2025-04-07,"1,472.00"
2025-04-08,"1,479.00"
2025-04-09,"1,472.00"
2025-04-10,"1,455.50"
2025-04-11,"1,421.00"
2025-04-14,"1,422.50"
2025-04-15,"1,427.20"
2025-04-16,"1,415.80"
2025-04-17,"1,416.60"
2025-04-18,"1,423.60"
2025-04-21,"1,421.50"
2025-04-22,"1,424.00"
2025-04-23,"1,427.20"
2025-04-24,"1,432.80"
2025-04-25,"1,439.80"
2025-04-28,"1,436.80"
2025-04-29,"1,432.00"
2025-04-30,"1,426.90"
2025-05-02,"1,401.50"
2025-05-07,"1,394.00"
2025-05-08,"1,406.90"
2025-05-09,"1,398.00"
2025-05-12,"1,417.00"
2025-05-13,"1,416.30"
2025-05-14,"1,404.50"
2025-05-15,"1,398.00"
2025-05-16,"1,400.00"
2025-05-19,"1,388.70"
2025-05-20,"1,394.40"
2025-05-21,"1,371.80"
2025-05-22,"1,382.70"
2025-05-23,"1,366.50"
2025-05-26,"1,370.50"
2025-05-27,"1,376.50"
2025-05-28,"1,376.00"
2025-05-29,"1,371.10"
2025-05-30,"1,383.10"
2025-06-02,"1,377.10"
2025-06-04,"1,364.10"
2025-06-05,"1,356.50"
2025-06-09,"1,354.20"
2025-06-10,"1,368.00"
2025-06-11,"1,370.90"
2025-06-12,"1,357.10"
2025-06-13,"1,363.50"
2025-06-16,"1,358.10"
2025-06-17,"1,374.00"
2025-06-18,"1,372.30"
2025-06-19,"1,379.80"
2025-06-20,"1,374.00"
2025-06-23,"1,382.00"
2025-06-24,"1,361.40"
2025-06-25,"1,361.20"
2025-06-26,"1,352.90"
2025-06-27,"1,361.30"
2025-06-30,"1,355.30"
2025-07-01,"1,359.00"
2025-07-02,"1,355.50"
2025-07-03,"1,365.50"
2025-07-04,"1,362.50"
2025-07-07,"1,377.00"
2025-07-08,"1,373.20"
2025-07-09,"1,375.20"
2025-07-10,"1,373.90"
2025-07-11,"1,375.80"
2025-07-14,"1,383.00"
2025-07-15,"1,388.20"
2025-07-16,"1,387.00"
2025-07-17,"1,392.20"
2025-07-18,"1,391.60"
2025-07-21,"1,382.20"
2025-07-22,"1,381.00"
2025-07-23,"1,375.80"
2025-07-24,"1,371.30"
2025-07-25,"1,383.70"
2025-07-28,"1,389.10"
2025-07-29,"1,389.70"
2025-07-30,"1,391.80"
2025-07-31,"1,392.00"
2025-08-01,"1,388.30"
2025-08-04,"1,386.50"
2025-08-05,"1,386.30"
2025-08-06,"1,386.40"
2025-08-07,"1,386.00"
2025-08-08,"1,387.50"
2025-08-11,"1,390.50"
2025-08-12,"1,384.40"
2025-08-13,"1,379.40"
2025-08-14,"1,389.50"
2025-08-18,"1,388.10"
2025-08-19,"1,392.00"
2025-08-20,"1,397.00"
2025-08-21,"1,398.80"
2025-08-22,"1,383.50"
2025-08-25,"1,390.30"
2025-08-26,"1,393.20"
2025-08-27,"1,394.20"
2025-08-28,"1,384.80"
2025-08-29,"1,389.80"
2025-09-01,"1,394.00"
2025-09-02,"1,395.90"
2025-09-03,"1,389.70"
2025-09-04,"1,395.30"
2025-09-05,"1,388.40"
2025-09-08,"1,387.00"
2025-09-09,"1,387.80"
2025-09-10,"1,388.50"
2025-09-11,"1,390.70"
2025-09-12,"1,395.40"
2025-09-15,"1,386.60"
2025-09-16,"1,379.50"
2025-09-17,"1,376.30"
2025-09-18,"1,389.00"
2025-09-19,"1,397.00"
2025-09-22,"1,391.50"
2025-09-23,"1,394.00"
2025-09-24,"1,403.80"
2025-09-25,"1,409.30"
2025-09-26,"1,409.70"
2025-09-29,"1,400.40"
2025-09-30,"1,405.00"
2025-10-01,"1,403.00"
2025-10-02,"1,407.00"
2025-10-10,"1,427.00"
2025-10-13,"1,424.50"
2025-10-14,"1,428.10"
2025-10-15,"1,422.60"
2025-10-16,"1,417.90"
2025-10-17,"1,422.20"
2025-10-20,"1,420.80"
2025-10-21,"1,432.00"
2025-10-22,"1,431.00"
2025-10-23,"1,437.40"
2025-10-24,"1,439.40"
2025-10-27,"1,433.40"
2025-10-28,"1,432.70"
2025-10-29,"1,421.00"
2025-10-30,"1,435.00"
2025-10-31,"1,433.00"
2025-11-03,"1,431.30"
2025-11-04,"1,440.60"
2025-11-05,"1,441.80"
2025-11-06,"1,449.30"
2025-11-07,"1,461.50"
2025-11-10,"1,456.80"
2025-11-11,"1,463.40"
2025-11-12,"1,468.90"
2025-11-13,"1,466.00"
2025-11-14,"1,453.10"
2025-11-17,"1,460.40"
2025-11-18,"1,461.90"
2025-11-19,"1,468.50"
2025-11-20,"1,472.20"
2025-11-21,"1,471.50"
2025-11-24,"1,476.50"
2025-11-25,"1,469.30"
2025-11-26,"1,468.30"
2025-11-27,"1,462.70"
2025-11-28,"1,466.80"
2025-12-01,"1,468.00"
2025-12-02,"1,469.40"
2025-12-03,"1,466.90"
2025-12-04,"1,473.60"
2025-12-05,"1,473.30"
2025-12-08,"1,469.80"
2025-12-09,"1,469.90"
2025-12-10,"1,470.80"
2025-12-11,"1,471.90"
2025-12-12,"1,477.00"
2025-12-15,"1,468.60"
2025-12-16,"1,473.00"
2025-12-17,"1,474.50"
2025-12-18,"1,473.10"
2025-12-19,"1,478.00"
2025-12-22,"1,481.00"
2025-12-23,"1,481.00"
2025-12-24,"1,445.70"
2025-12-26,"1,442.20"
2025-12-29,"1,434.10"
2025-12-30,"1,439.50"
2025-12-31,
2026-01-02,"1,444.70"
2026-01-05,"1,445.60"
2026-01-06,"1,447.10"
2026-01-07,"1,447.60"
2026-01-08,"1,451.80"
2026-01-09,"1,459.00"
2026-01-12,"1,468.80"
2026-01-13,"1,478.80"
2026-01-14,"1,464.00"
2026-01-15,"1,469.20"
2026-01-16,"1,474.50"
2026-01-19,"1,473.10"
2026-01-20,"1,476.70"
2026-01-21,"1,465.90"
2026-01-22,"1,464.50"
2026-01-23,"1,462.50"
2026-01-26,"1,443.90"
2026-01-27,"1,437.50"
2026-01-28,"1,436.10"
2026-01-29,"1,434.00"
2026-01-30,"1,443.50"
2026-02-02,"1,451.50"
2026-02-03,"1,446.60"
2026-02-04,"1,459.50"
2026-02-05,"1,463.70"
2026-02-06,"1,463.00"
2026-02-09,"1,457.70"
2026-02-10,"1,457.20"
2026-02-11,"1,447.00"
2026-02-12,"1,438.60"
2026-02-13,"1,444.60"
2026-02-19,"1,448.90"
2026-02-20,"1,446.60"
2026-02-23,"1,442.90"
2026-02-24,"1,441.00"
2026-02-25,"1,427.80"
2026-02-26,"1,433.50"
2026-02-27,"1,440.00"
2026-03-03,"1,485.70"
2026-03-04,"1,462.90"
2026-03-05,"1,482.20"
2026-03-06,"1,481.60"
2026-03-09,"1,473.70"
2026-03-10,"1,465.70"
2026-03-11,"1,477.00"
2026-03-12,"1,488.50"
2026-03-13,"1,497.50"
2026-03-16,"1,491.90"
2026-03-17,"1,488.40"
2026-03-18,"1,500.70"
2026-03-19,"1,495.00"
2026-03-20,"1,504.70"
2026-03-23,"1,486.70"
2026-03-24,"1,499.90"
2026-03-25,"1,501.70"
2026-03-26,"1,508.00"
2026-03-27,"1,511.40"
2026-03-30,"1,518.20"
2026-03-31,"1,517.00"
2026-04-01,"1,513.30"
2026-04-02,"1,510.60"
2026-04-03,"1,511.40"
2026-04-06,"1,509.80"
2026-04-07,"1,501.00"
2026-04-08,"1,479.20"
2026-04-09,"1,474.70"
2026-04-10,"1,483.50"
2026-04-13,"1,482.70"
2026-04-14,"1,472.70"
2026-04-15,"1,475.50"
2026-04-16,"1,479.20"
2026-04-17,"1,460.00"
2026-04-20,"1,472.80"
2026-04-21,"1,480.80"
2026-04-22,"1,480.30"
2026-04-23,"1,479.20"
2026-04-24,"1,476.80"
2026-04-27,"1,473.60"
2026-04-28,"1,473.20"
2026-04-29,"1,488.50"
2026-04-30,"1,477.50"
2026-05-04,"1,478.40"
2026-05-06,"1,449.40"
2026-05-07,"1,456.00"
2026-05-08,"1,462.30"
2026-05-11,"1,472.70"
2026-05-12,"1,490.90"
2026-05-13,"1,489.30"
2026-05-14,"1,493.40"
2026-05-15,"1,497.50"
2026-05-18,"1,492.90"
2026-05-19,"1,508.70"
2026-05-20,"1,496.70"
2026-05-21,"1,508.00"
2026-05-22,"1,517.60"
2026-05-26,"1,507.20"
2026-05-27,"1,500.20"
2026-05-28,"1,494.70"
2026-05-29,"1,504.80"
2026-06-01,"1,512.90"
2026-06-02,"1,519.00"
2026-06-04,"1,532.00"
2026-06-05,"1,559.00"
2026-06-08,"1,526.50"
2026-06-09,"1,532.70"
2026-06-10,"1,520.20"
2026-06-11,"1,531.60"
2026-06-12,"1,518.30"
2026-06-15,"1,515.20"
2026-06-16,"1,508.30"
2026-06-17,"1,515.50"
2026-06-18,"1,540.00"
2026-06-19,"1,531.00"
2026-06-22,"1,538.90"
2026-06-23,"1,533.10"
2026-06-24,"1,542.70"
2026-06-25,"1,543.10"
2026-06-26,"1,535.80"
2026-06-29,"1,543.00"
2026-06-30,"1,549.50"
2026-07-01,"1,551.20"
2026-07-02,"1,540.00"
2026-07-03,"1,530.00"
2026-07-06,"1,530.00"
2026-07-07,"1,515.80"
2026-07-08,"1,505.00"
2026-07-09,"1,509.50"
2026-07-10,"1,498.50"
2026-07-13,"1,497.50"
2026-07-14,"1,490.50"
2026-07-15,"1,487.00"
2026-07-16,"1,482.00"
2026-07-20,"1,477.90"
2026-07-21,"1,482.00"
2026-07-22,"1,477.50"
2026-07-23,"1,474.20"
2026-07-24,"1,458.50"
2026-07-27,"1,465.20"
2026-07-28,"1,454.10"
2026-07-29,"1,446.50"
2026-07-30,"1,418.00"
2026-07-31,"1,435.50"
2026-08-03,"1,429.50"
2026-08-04,"1,429.00"
2026-08-05,"1,422.50"
2026-08-06,"1,424.10"
2026-08-07,"1,408.50"
2026-08-10,"1,418.30"
2026-08-11,"1,413.70"
2026-08-12,"1,418.50"
2026-08-13,"1,418.60"
2026-08-14,"1,416.80"
2026-08-18,"1,412.50"
2026-08-19,"1,389.10"
2026-08-20,"1,396.00"
2026-08-21,"1,386.20"
2026-08-24,"1,383.20"
2026-08-25,"1,382.70"
2026-08-26,"1,386.30"
2026-08-27,"1,381.50"
2026-08-28,"1,379.90"
2026-08-31,"1,368.00"
2026-09-01,"1,375.00"
2026-09-02,"1,359.20"
2026-09-03,"1,357.50"
