date,usd_krw,ma20,ma60,pct_change,volatility_20
2024-07-01,1383.8,,,,
2024-07-02,1386.9,,,0.22402081225612047,
2024-07-03,1385.8,,,-0.07931357704233921,
2024-07-04,1381.0,,,-0.34637032760860276,
2024-07-05,1381.4,,,0.02896451846488013,
2024-07-08,1383.1,,,0.12306355870854713,
2024-07-09,1383.5,,,0.02892054081411466,
2024-07-10,1384.0,,,0.03614022406939199,
2024-07-11,1373.0,,,-0.7947976878612706,
2024-07-12,1375.7,,,0.1966496722505484,
2024-07-15,1383.2,,,0.5451770007995904,
2024-07-16,1385.0,,,0.13013302486986067,
2024-07-17,1381.3,,,-0.26714801444043257,
2024-07-18,1383.4,,,0.1520306957214279,
2024-07-19,1390.2,,,0.4915425762613834,
2024-07-22,1388.2,,,-0.14386419220255853,
2024-07-23,1386.1,,,-0.1512750324160872,
2024-07-24,1379.9,,,-0.4472981747348559,
2024-07-25,1383.0,,,0.22465396043191976,
2024-07-26,1384.0,1383.125,,0.0723065798987621,3.9113700655235015
2024-07-29,1383.7,1383.1200000000001,,-0.021676300578032937,3.9105256074235637
2024-07-30,1384.6,1383.0049999999999,,0.06504300065042212,3.8264281819444403
2024-07-31,1370.2,1382.225,,-1.0400115556839395,4.713795542983659
2024-08-01,1369.8,1381.665,,-0.029192818566636802,5.471387296414743
2024-08-02,1361.5,1380.6699999999998,,-0.6059278726821438,7.091663007400079
2024-08-05,1370.0,1380.0149999999999,,0.6243114212265866,7.451264463516491
2024-08-06,1377.6,1379.72,,0.5547445255474459,7.422767252461254
2024-08-07,1374.0,1379.22,,-0.261324041811839,7.456018409735638
2024-08-08,1377.2,1379.4299999999998,,0.23289665211063681,7.329687291383892
2024-08-09,1365.3,1378.91,,-0.8640720302062199,7.950829152392066
2024-08-12,1369.6,1378.23,,0.31494909543690053,8.143844947340137
2024-08-13,1366.5,1377.3049999999998,,-0.22634345794392274,8.381588531763631
2024-08-14,1358.0,1376.1399999999999,,-0.622027076472742,9.35934095745514
2024-08-16,1351.3,1374.535,,-0.4933726067746669,10.704513312764893
2024-08-19,1334.8,1371.7649999999999,,-1.2210463997631926,13.292588952218273
2024-08-20,1331.5,1368.9299999999998,,-0.2472280491459311,15.470824834269038
2024-08-21,1333.8,1366.315,,0.17273751408186655,16.780511095660454
2024-08-22,1343.5,1364.4950000000001,,0.7272454640875781,17.19830086466637
2024-08-23,1328.0,1361.7450000000001,,-1.153703014514329,18.436305001416876
2024-08-26,1329.8,1359.035,,0.13554216867468494,18.968624370953265
2024-08-27,1331.5,1356.425,,0.12783877274777922,18.9874439121172
2024-08-28,1337.0,1354.045,,0.4130679684566374,18.238405834075227
2024-08-29,1332.5,1352.16,,-0.33657442034404905,18.428079261365422
2024-08-30,1337.5,1350.545,,0.37523452157599557,18.214900638300687
2024-09-02,1338.5,1349.395,,0.07476635514018781,18.212906788434935
2024-09-03,1341.4,1347.965,,0.21666044079193814,17.623168811180843
2024-09-04,1336.0,1345.8849999999998,,-0.40256448486656327,16.35035087342839
2024-09-05,1333.5,1343.86,,-0.18712574850299202,15.148854394761843
2024-09-06,1339.9,1341.9950000000001,,0.47994000749906895,12.967224878617733
2024-09-09,1341.0,1340.78,,0.08209567878199042,11.749965285503524
2024-09-10,1343.8,1339.49,,0.20879940343028203,9.647519452116168
2024-09-11,1341.5,1338.24,,-0.17115642208661574,7.296964040650006
2024-09-12,1341.6,1337.42,,0.0074543421543005195,5.708036808793338
2024-09-13,1329.6,1336.335,,-0.8944543828264706,4.941795433370092
2024-09-19,1329.2,1336.055,,-0.03008423586039477,5.1859602978176484
2024-09-20,1333.0,1336.13,,0.2858862473668289,5.127131135852198
2024-09-23,1334.8,1336.1799999999998,,0.13503375843959553,5.108053496815616
2024-09-24,1330.4,1335.525,,-0.3296373988612378,4.957702672558004
2024-09-25,1336.1,1335.9299999999998,,0.42844257366203564,4.6306871150952755
2024-09-26,1317.4,1335.31,1359.1566666666665,-1.399595838634815,6.093646389133913
2024-09-27,1310.1,1334.24,1357.9283333333333,-0.5541217549719257,8.283299622227611
2024-09-30,1316.8,1333.23,1356.76,0.5114113426456068,9.118465937461751
2024-10-02,1324.4,1332.825,1355.7366666666667,0.5771567436209102,9.330023692643136
2024-10-04,1349.5,1333.425,1355.2116666666666,1.8951978254303725,10.007727277617843
2024-10-07,1344.5,1333.725,1354.5966666666668,-0.3705075954057113,10.254748579125215
2024-10-08,1346.0,1333.9550000000002,1353.9783333333332,0.11156563778356166,10.484950367576564
2024-10-10,1355.2,1334.9150000000002,1353.5066666666667,0.6835066864784523,11.510831283713689
2024-10-11,1351.3,1335.805,1352.9616666666666,-0.28778040141677064,12.070210175644245
2024-10-14,1358.5,1336.7350000000001,1352.72,0.5328202471693855,13.07690913907385
2024-10-15,1366.3,1338.0,1352.5633333333333,0.574162679425827,14.641325795591206
2024-10-16,1364.5,1339.035,1352.2516666666668,-0.13174266266559043,15.761688227771966
2024-10-17,1372.7,1340.595,1352.0466666666666,0.6009527299377204,17.4699282979883
2024-10-18,1369.3,1341.98,1351.8466666666668,-0.24768704013987675,18.614329511371167
2024-10-21,1378.8,1344.44,1351.77,0.6937851456948696,20.08506646085215
2024-10-22,1379.6,1346.9599999999998,1351.5933333333332,0.058021467943136784,21.202964043041934
2024-10-23,1381.6,1349.3899999999999,1351.4833333333333,0.14496955639315967,22.276607981420657
2024-10-24,1382.3,1351.7649999999999,1351.4199999999998,0.05066589461493187,23.154044207392612
2024-10-25,1389.2,1354.705,1351.575,0.4991680532445919,24.015487875425954
2024-10-28,1385.7,1357.185,1351.62,-0.25194356464152134,24.548196953833543
2024-10-29,1382.2,1360.425,1351.59,-0.2525799235043702,23.263499193733335
2024-10-30,1379.8,1363.91,1351.525,-0.17363623209376566,20.368316469199392
2024-10-31,1377.0,1366.92,1351.3983333333333,-0.20292796057399531,17.249396633230635
2024-11-01,1378.0,1369.6,1351.5283333333332,0.0726216412490821,14.187577961760486
2024-11-04,1375.5,1370.9,1351.6233333333332,-0.18142235123367323,13.41927129561217
2024-11-05,1380.1,1372.6799999999998,1351.9333333333334,0.3344238458742099,12.021410723764877
2024-11-06,1399.3,1375.3449999999998,1352.4216666666666,1.3912035359756603,11.699144143234706
2024-11-07,1385.7,1376.87,1352.5566666666668,-0.9719145286929076,10.895247636130291
2024-11-08,1395.3,1379.07,1352.9116666666669,0.692790647326258,9.85276343816245
2024-11-11,1401.0,1381.195,1353.3083333333334,0.4085142980004397,9.765539573308967
2024-11-12,1408.9,1383.325,1354.035,0.5638829407565993,10.922977953305114
2024-11-13,1397.5,1384.975,1354.5,-0.8091418837390951,10.410059659062084
2024-11-14,1402.5,1386.465,1355.1,0.3577817531305927,10.68955589644055
2024-11-15,1400.0,1388.0,1355.8,-0.17825311942959443,10.291795403696499
2024-11-18,1393.5,1388.7350000000001,1356.5033333333333,-0.4642857142857171,10.123722791437173
2024-11-19,1393.0,1389.405,1357.4733333333331,-0.03588087549336594,9.928877341529004
2024-11-20,1400.9,1390.3700000000001,1358.6299999999999,0.5671213208901627,10.067305080254526
2024-11-21,1402.0,1391.355,1359.7666666666667,0.07852095081732902,10.199044072851754
2024-11-22,1404.2,1392.105,1360.7783333333334,0.15691868758915817,10.576760771664745
2024-11-25,1399.0,1392.77,1361.9616666666668,-0.3703176185728574,10.570968187494806
2024-11-26,1396.1,1393.465,1363.0666666666666,-0.207290922087211,10.292729932999299
2024-11-27,1393.0,1394.125,1364.0916666666667,-0.22204713129431175,9.780855360290511
2024-11-28,1394.5,1395.0,1365.05,0.10768126346016871,8.912439562058518
2024-11-29,1396.5,1395.925,1366.1166666666666,0.1434205808533484,7.9648487612416385
2024-12-02,1401.7,1397.235,1367.1866666666667,0.3723594701038335,6.4366773873990555
2024-12-03,1425.0,1399.48,1368.6283333333333,1.6622672469144506,7.825975641210842
2024-12-04,1413.6,1400.1950000000002,1369.8316666666665,-0.8000000000000118,8.437976497265526
2024-12-05,1417.3,1401.775,1371.1866666666667,0.26174306734578767,8.538881659795198
2024-12-06,1423.0,1403.16,1372.6783333333333,0.40217314612291943,9.612349512886212
2024-12-09,1435.0,1404.8600000000001,1374.2633333333333,0.8432888264230609,11.935943064630338
2024-12-10,1432.8,1406.0549999999998,1375.7933333333335,-0.1533101045296248,13.460721612000714
2024-12-11,1430.9,1407.725,1377.245,-0.1326074818537082,14.383721610501862
2024-12-12,1430.5,1409.125,1378.7283333333332,-0.027954434272148276,15.188530125342002
2024-12-13,1435.2,1410.885,1380.2883333333334,0.32855644879412615,16.088285211688554
2024-12-16,1436.0,1413.01,1382.0616666666667,0.05574136008918984,16.4733245294519
2024-12-17,1437.1,1415.215,1383.8600000000001,0.07660167130918438,16.604890687290204
2024-12-18,1439.1,1417.125,1385.6283333333333,0.1391691601141165,17.062327693366125
2024-12-19,1447.3,1419.39,1387.5033333333333,0.5698005698005826,17.93335322505975
2024-12-20,1448.5,1421.605,1389.4716666666668,0.08291301043321653,18.67876573742798
2024-12-23,1450.9,1424.2,1391.385,0.16568864342423328,18.975829501320707
2024-12-24,1457.5,1427.27,1393.7200000000003,0.4548900682334933,19.15634016249177
2024-12-26,1469.6,1431.1,1396.3783333333333,0.8301886792452695,19.59640138822618
2024-12-27,1470.5,1434.9,1398.9399999999998,0.06124115405552466,19.494074673307345
2024-12-30,1472.3,1438.69,1401.405,0.12240734444066703,18.997614808736504
2024-12-31,,,,,
2025-01-02,1469.1,,,,
2025-01-03,1469.7,,,0.04084133142741031,
2025-01-06,1459.2,,,-0.7144315166360493,
2025-01-07,1453.0,,,-0.42489035087719396,
2025-01-08,1459.6,,,0.45423262216104376,
2025-01-09,1460.0,,,0.027404768429706294,
2025-01-10,1472.0,,,0.8219178082191858,
2025-01-13,1467.5,,,-0.30570652173913526,
2025-01-14,1462.0,,,-0.37478705281089875,
2025-01-15,1454.7,,,-0.4993160054719503,
2025-01-16,1457.5,,,0.1924795490479081,
2025-01-17,1457.7,,,0.013722126929671674,
2025-01-20,1440.0,,,-1.2142416135007217,
2025-01-21,1435.5,,,-0.31250000000000444,
2025-01-22,1436.2,,,0.04876349703937244,
2025-01-23,1433.7,,,-0.17407046372371893,
2025-01-24,1431.4,,,-0.16042407756154953,
2025-01-31,1453.5,,,1.5439429928741033,
2025-02-03,1462.0,,,0.5847953216374213,
2025-02-04,1451.5,1454.29,,-0.7181942544459696,12.593519636790306
2025-02-05,1443.5,1453.01,,-0.5511539786427821,12.306733287539785
2025-02-06,1447.5,1451.9,,0.2771042604780005,11.708791119231476
2025-02-07,1454.0,1451.6399999999999,,0.4490500863557845,11.59534389313697
2025-02-10,1451.8,1451.58,,-0.15130674002751254,11.59104009683447
2025-02-11,1452.2,1451.21,,0.027552004408337716,11.438664809831888
2025-02-12,1456.0,1451.01,,0.2616719460129424,11.311144946472334
2025-02-13,1446.6,1449.74,,-0.6456043956044044,10.201929642041017
2025-02-14,1441.9,1448.46,,-0.3248997649661134,9.433389746287455
2025-02-17,1442.0,1447.46,,0.006935293709675605,8.971264066309907
2025-02-18,1439.5,1446.7,,-0.17337031900138689,8.969480416805695
2025-02-19,1441.4,1445.895,,0.13199027440085054,8.666540316223154
2025-02-20,1435.5,1444.785,,-0.4093242680727083,8.494969099419134
2025-02-21,1433.7,1444.47,,-0.12539184952977678,8.793304869410624
2025-02-24,1430.5,1444.22,,-0.22319871660738677,9.126514293966714
2025-02-25,1434.4,1444.1299999999999,,0.2726319468717264,9.218179977921176
2025-02-26,1433.8,1444.135,,-0.041829336307874776,9.212250139442743
2025-02-27,1445.3,1444.83,,0.8020644441344649,8.71164375087683
2025-02-28,1460.0,1445.155,,1.017089877534083,9.161732483834603
2025-03-04,1460.3,1445.0700000000002,,0.02054794520547354,9.003747757700525
2025-03-05,1450.0,1444.9950000000001,,-0.7053345203040462,8.953474773874236
2025-03-06,1445.8,1445.1100000000001,,-0.2896551724137941,8.948031244803607
2025-03-07,1449.3,1445.2,,0.24208050906073808,8.982321819175988
2025-03-10,1455.5,1445.275,,0.42779272752364594,9.065543499838043
2025-03-11,1455.0,1445.435,,-0.03435245620061478,9.213792578753788
2025-03-12,1452.6,1445.455,,-0.16494845360824906,9.229670405250749
2025-03-13,1457.0,1445.5049999999999,,0.30290513561890275,9.292298735488528
2025-03-14,1453.0,1445.825,,-0.27453671928620027,9.441001006254
2025-03-17,1445.1,1445.9850000000001,,-0.5437026841018655,9.397999507178733
2025-03-18,1451.1,1446.44,,0.41519618019514315,9.41518370562238
2025-03-19,1463.0,1447.615,,0.8200675349734787,9.954436990084771
2025-03-20,1466.7,1448.8799999999999,,0.25290498974710474,10.702513231656486
2025-03-21,1467.0,1450.455,,0.020454080589082935,10.944908693812451
2025-03-24,1469.7,1452.255,,0.18404907975460016,11.004471579178565
2025-03-25,1463.5,1453.905,,-0.4218548002993816,9.998919678492923
2025-03-26,1467.3,1455.55,,0.2596515203279859,9.303225247198693
2025-03-27,1464.6,1457.09,,-0.18401144960130678,7.966568303004415
2025-03-28,1469.9,1458.3200000000002,,0.3618735490919178,7.949485253121469
2025-03-31,1473.7,1459.005,,0.25852098782230826,8.660343678613618
2025-04-01,1471.4,1459.56,,-0.1560697563954605,9.092588074627724
2025-04-02,1463.0,1460.2099999999998,1453.165,-0.570884871550914,8.834197905396163
2025-04-03,1453.5,1460.5949999999998,1452.9049999999997,-0.649350649350644,8.32633583403771
2025-04-04,1461.0,1461.1799999999998,1452.7599999999998,0.5159958720330149,7.890607341051476
2025-04-07,1472.0,1462.0049999999999,1452.9733333333331,0.7529089664613187,8.124587438926513
2025-04-08,1479.0,1463.205,1453.4066666666665,0.47554347826086474,8.781348355890565
2025-04-09,1472.0,1464.175,1453.6133333333332,-0.47329276538201626,8.618210523752271
2025-04-10,1455.5,1464.1,1453.5383333333332,-1.1209239130434812,8.690163828637314
2025-04-11,1421.0,1462.5,1452.688333333333,-2.370319477842664,12.810480906381427
2025-04-14,1422.5,1461.37,1451.938333333333,0.1055594651653724,15.200003462607706
2025-04-15,1427.2,1460.175,1451.3583333333333,0.33040421792618346,16.894903466963637
2025-04-16,1415.8,1457.815,1450.7099999999998,-0.7987668161435035,19.56512135623824
2025-04-17,1416.6,1455.31,1450.0283333333332,0.056505156095498776,21.48110307860833
2025-04-18,1423.6,1453.1399999999999,1449.46,0.49414090074826333,22.410063528881995
2025-04-21,1421.5,1450.73,1449.1516666666669,-0.14751334644562686,23.116070964638503
2025-04-22,1424.0,1448.7549999999999,1448.96,0.17587055926837625,23.64886722557177
2025-04-23,1427.2,1446.75,1448.8100000000002,0.22471910112360494,23.69367004075316
2025-04-24,1432.8,1445.16,1448.7950000000003,0.39237668161433703,23.498967502515715
2025-04-25,1439.8,1443.655,1448.935,0.48855388051367576,22.784100527389256
2025-04-28,1436.8,1441.81,1448.6566666666665,-0.20836227253785422,21.690888215539168
2025-04-29,1432.0,1439.8400000000001,1448.1566666666665,-0.33407572383072903,20.625033333307915
2025-04-30,1426.9,1438.035,1447.7466666666667,-0.35614525139664455,20.063511656737905
2025-05-02,1401.5,1435.435,1447.0466666666666,-1.7800826967552141,21.28600417373493
2025-05-07,1394.0,1432.085,1446.155,-0.5351409204423785,22.298956194594872
2025-05-08,1406.9,1428.8300000000002,1445.37,0.9253945480631298,20.871539423213765
2025-05-09,1398.0,1424.7800000000002,1444.4733333333331,-0.6325964887341051,18.32773566856688
2025-05-12,1417.0,1422.0300000000002,1443.8866666666665,1.3590844062947083,14.621113068724556
2025-05-13,1416.3,1420.0700000000002,1443.225,-0.04940014114326319,12.34913591692703
2025-05-14,1404.5,1419.2450000000001,1442.5233333333335,-0.8331568170585335,12.825692758554597
2025-05-15,1398.0,1418.02,1441.7916666666667,-0.46279814880740844,13.64244923218062
2025-05-16,1400.0,1416.66,1441.0916666666667,0.14306151645206988,14.029420215352362
2025-05-19,1388.7,1415.305,1440.245,-0.8071428571428507,15.362239248782332
2025-05-20,1394.4,1414.195,1439.4616666666666,0.4104558219917953,16.050363989969483
2025-05-21,1371.8,1411.605,1438.4,-1.6207687894434941,18.452484499668365
2025-05-22,1382.7,1409.665,1437.55,0.7945764688730206,19.374026970472602
2025-05-23,1366.5,1406.79,1436.4833333333333,-1.171620742026469,21.304951240694724
2025-05-26,1370.5,1403.955,1435.4183333333333,0.29271862422246553,22.199774180927136
2025-05-27,1376.5,1401.1399999999999,1434.4633333333331,0.43779642466252877,21.917342328320302
2025-05-28,1376.0,1397.95,1433.3083333333334,-0.03632401017071851,20.597559896360004
2025-05-29,1371.1,1394.665,1431.8266666666668,-0.3561046511627919,19.27188503056966
2025-05-30,1383.1,1392.2199999999998,1430.5400000000002,0.8752096856538438,17.28551568890805
2025-06-02,1377.1,1389.73,1429.325,-0.4338081122116977,15.52400857076422
2025-06-04,1364.1,1387.8600000000001,1427.9633333333334,-0.9440127804807186,16.26641357294862
2025-06-05,1356.5,1385.9850000000001,1426.4166666666667,-0.5571439044058324,17.62588631589735
2025-06-09,1354.2,1383.35,1424.7283333333332,-0.1695539992628059,18.26234261792862
2025-06-10,1368.0,1381.85,1423.2783333333332,1.0190518387239722,18.22772613355461
2025-06-11,1370.9,1379.5449999999998,1421.9166666666667,0.21198830409356884,16.368888172379375
2025-06-12,1357.1,1376.585,1420.2516666666668,-1.006637975052893,14.633209346870034
2025-06-13,1363.5,1374.535,1418.76,0.4715938398054842,13.330624615201723
2025-06-16,1358.1,1372.54,1417.3100000000002,-0.3960396039604075,12.599724307754308
2025-06-17,1374.0,1371.24,1416.025,1.1707532582284186,10.835098911448998
2025-06-18,1372.3,1370.4199999999998,1414.513333333333,-0.12372634643377234,10.035232669782454
2025-06-19,1379.8,1369.69,1413.0649999999998,0.5465277271733626,8.631941905067206
2025-06-20,1374.0,1369.8,1411.5149999999999,-0.42035077547469824,8.674160053365576
2025-06-23,1382.0,1369.765,1410.0533333333333,0.5822416302765587,8.620616353580148
2025-06-24,1361.4,1369.51,1408.3516666666667,-1.4905933429811835,8.795926090486244
2025-06-25,1361.2,1369.045,1406.5833333333333,-0.01469075951227028,8.984634544296057
2025-06-26,1352.9,1367.8650000000002,1404.7216666666668,-0.6097560975609762,9.489566292558871
2025-06-27,1361.3,1367.13,1402.9116666666666,0.6208884618227328,9.395133118567509
2025-06-30,1355.3,1366.34,1400.9383333333333,-0.44075516050833263,9.702978381584513
2025-07-01,1359.0,1365.135,1399.065,0.2730022873164595,8.981693369809644
2025-07-02,1355.5,1364.0549999999998,1397.2733333333335,-0.2575423105224406,8.763229097218225
2025-07-03,1365.5,1364.125,1395.8066666666668,0.7377351530800436,8.769196986570648
2025-07-04,1362.5,1364.425,1394.1650000000002,-0.21969974368363232,8.595523620792186
2025-07-07,1377.0,1365.565,1392.5816666666667,1.064220183486242,8.67957523820146
2025-07-08,1373.2,1365.825,1390.8183333333334,-0.27596223674655196,8.832885622539441
2025-07-09,1375.2,1366.0400000000002,1389.2050000000002,0.14564520827264893,9.013405221336853
2025-07-10,1373.9,1366.8799999999999,1387.8450000000003,-0.09453170447935033,8.91873250375291
2025-07-11,1375.8,1367.495,1387.0916666666667,0.13829245214351804,9.095717615844542
2025-07-14,1383.0,1368.74,1386.4333333333334,0.5233318796336706,9.43969223404577
2025-07-15,1388.2,1369.45,1385.7833333333333,0.37599421547360734,10.346598729195025
2025-07-16,1387.0,1370.185,1385.3033333333335,-0.08644287566633713,11.057423084199257
2025-07-17,1392.2,1370.805,1384.8966666666668,0.37490987743331594,11.937533686911323
2025-07-18,1391.6,1371.685,1384.3633333333332,-0.043097256141366724,12.802807052396046
2025-07-21,1382.2,1371.695,1383.7083333333333,-0.6754814601896975,12.811363171638634
2025-07-22,1381.0,1372.675,1382.9916666666666,-0.08681811604688283,12.73180332039831
2025-07-23,1375.8,1373.405,1382.1349999999998,-0.3765387400434528,12.454780312450822
2025-07-24,1371.3,1374.325,1381.11,-0.3270824247710413,11.503677901566697
2025-07-25,1383.7,1375.445,1380.175,0.904251440239201,11.256599234032805
2025-07-28,1389.1,1377.135,1379.38,0.39025800390257714,10.590525805735373
2025-07-29,1389.7,1378.67,1378.675,0.04319343459795455,10.033895187384799
2025-07-30,1391.8,1380.4850000000001,1378.09,0.15111175073756478,8.833445712616545
2025-07-31,1392.0,1381.81,1377.9316666666666,0.014369880730003004,8.446419359696248
2025-08-01,1388.3,1383.1,1377.8366666666666,-0.26580459770115805,7.22371824360642
2025-08-04,1386.5,1383.575,1377.4966666666667,-0.12965497370884815,7.112988490291072
2025-08-05,1386.3,1384.23,1377.3016666666667,-0.014424810674362742,6.698397294550865
2025-08-06,1386.4,1384.79,1376.7916666666667,0.007213445863096801,6.363539233697362
2025-08-07,1386.0,1385.395,1376.2866666666666,-0.02885170225044309,5.826208932588637
2025-08-08,1387.5,1385.98,1376.0033333333333,0.10822510822510178,5.382584000847272
2025-08-11,1390.5,1386.355,1375.8783333333333,0.216216216216214,5.425134002698044
2025-08-12,1384.4,1386.165,1375.618333333333,-0.43869111830275864,5.423659184280481
2025-08-13,1379.4,1385.785,1375.4633333333334,-0.36116729268997894,5.624595891904497
2025-08-14,1389.5,1385.65,1375.381666666667,0.7322024068435518,5.493393160962791
2025-08-18,1388.1,1385.475,1375.6533333333332,-0.1007556675063026,5.347687645866617
2025-08-19,1392.0,1385.965,1375.8083333333334,0.28095958504430474,5.479173487408855
2025-08-20,1397.0,1386.7649999999999,1376.3166666666666,0.35919540229885083,5.870199046196667
2025-08-21,1398.8,1387.9150000000002,1376.7883333333334,0.12884753042232688,5.861944620747283
2025-08-22,1383.5,1388.525,1376.905,-1.093794681155269,4.5240730367637285
2025-08-25,1390.3,1388.855,1377.1433333333334,0.49150704734368666,4.392394743054817
2025-08-26,1393.2,1389.06,1377.5116666666665,0.20858807451629158,4.498818558346336
2025-08-27,1394.2,1389.2849999999999,1377.6966666666665,0.07177720356015271,4.642739096229603
2025-08-28,1384.8,1388.935,1377.825,-0.6742217759288516,4.706577144902774
2025-08-29,1389.8,1388.825,1378.2533333333333,0.36106296938185345,4.6566166845937245
2025-09-01,1394.0,1389.1100000000001,1378.8783333333333,0.30220175564830143,4.795162035555967
2025-09-02,1395.9,1389.58,1379.5733333333333,0.13629842180775675,4.982875939801115
2025-09-03,1389.7,1389.75,1379.9350000000002,-0.44415789096640124,4.922718547165484
2025-09-04,1395.3,1390.195,1380.3416666666667,0.4029646686335209,5.00552063645495
2025-09-05,1388.4,1390.315,1380.8633333333335,-0.49451730810576855,4.927823796392518
2025-09-08,1387.0,1390.29,1381.255,-0.10083549409393155,4.944098023201925
2025-09-09,1387.8,1390.155,1381.75,0.05767844268205202,4.974828746047704
2025-09-10,1388.5,1390.3600000000001,1381.9916666666666,0.05043954460297595,4.806837235688125
2025-09-11,1390.7,1390.925,1382.2983333333334,0.15844436442205012,4.056297897276789
2025-09-12,1395.4,1391.22,1382.5583333333334,0.33795930107141103,4.16041495904589
2025-09-15,1386.6,1391.145,1382.7683333333334,-0.6306435430700974,4.232515116381749
2025-09-16,1379.5,1390.52,1382.7266666666667,-0.5120438482619338,4.9600084889441955
2025-09-17,1376.3,1389.4850000000001,1382.975,-0.2319681043856492,5.648593210970986
2025-09-18,1389.0,1388.995,1383.4383333333333,0.9227639322822112,5.2057129548496475
2025-09-19,1397.0,1389.6699999999998,1384.1733333333334,0.5759539236861011,5.329471189317473
2025-09-22,1391.5,1389.73,1384.6766666666667,-0.3937007874015741,5.343673091154957
2025-09-23,1394.0,1389.77,1385.3216666666667,0.17966223499821243,5.373923392778266
2025-09-24,1403.8,1390.25,1386.0683333333332,0.7030129124820705,6.161467699371484
2025-09-25,1409.3,1391.475,1386.965,0.39179370280666426,7.3430866161653645
2025-09-26,1409.7,1392.4699999999998,1387.7016666666666,0.028382885120281642,8.379304078620365
2025-09-29,1400.4,1392.79,1388.3333333333333,-0.6597148329431812,8.561043959943799
2025-09-30,1405.0,1393.2450000000001,1388.8,0.32847757783489584,8.967219542069342
2025-10-01,1403.0,1393.91,1389.2966666666666,-0.1423487544483959,9.181096139114983
2025-10-02,1407.0,1394.4950000000001,1389.8266666666668,0.28510334996436626,9.635814498656336
2025-10-10,1427.0,1396.425,1390.7116666666666,1.4214641080312784,11.940769392467983
2025-10-13,1424.5,1398.3,1391.5233333333335,-0.1751927119831853,13.254830301278282
2025-10-14,1428.1,1400.315,1392.275,0.252720252720251,14.572334097615679
2025-10-15,1422.6,1402.02,1392.8483333333331,-0.38512709194034045,15.102443162402224
2025-10-16,1417.9,1403.3799999999999,1393.3633333333332,-0.3303809925488399,15.253355109783973
2025-10-17,1422.2,1404.7199999999998,1393.8633333333335,0.30326539248184403,15.686454095976483
2025-10-20,1420.8,1406.4299999999998,1394.35,-0.09843903810997645,15.469804203841194
2025-10-21,1432.0,1409.0549999999998,1395.1799999999998,0.7882882882882969,15.109720642509076
2025-10-22,1431.0,1411.79,1396.013333333333,-0.06983240223463749,13.758935852361915
2025-10-23,1437.4,1414.21,1397.0400000000002,0.4472396925227162,13.795914727115354
2025-10-24,1439.4,1416.3300000000002,1398.175,0.13914011409490445,14.261988493524445
2025-10-27,1433.4,1418.425,1399.0033333333336,-0.41684035014589726,13.47855509201107
2025-10-28,1432.7,1420.3600000000001,1399.73,-0.04883493790986959,12.53220692959856
2025-10-29,1421.0,1421.22,1400.2516666666668,-0.8166399106582012,11.910747026816036
2025-10-30,1435.0,1422.5049999999999,1400.9716666666668,0.9852216748768461,11.943352037627706
2025-10-31,1433.0,1423.67,1401.655,-0.13937282229965486,11.763596836269437
2025-11-03,1431.3,1425.215,1402.3716666666667,-0.11863224005582707,10.508756999959015
2025-11-04,1440.6,1426.9950000000001,1403.2733333333333,0.6497589603856602,9.90196551461446
2025-11-05,1441.8,1428.935,1404.1983333333333,0.08329862557268086,8.678726258712878
2025-11-06,1449.3,1431.05,1405.2466666666667,0.5201831044527649,8.192454808509364
2025-11-07,1461.5,1432.775,1406.505,0.8417856896432818,10.579268455457186
2025-11-10,1456.8,1434.3899999999999,1407.66,-0.32158741019501225,11.659777916094127
2025-11-11,1463.4,1436.1550000000002,1408.875,0.4530477759473017,13.22431870695684
2025-11-12,1468.9,1438.4699999999998,1410.2833333333333,0.3758370917042564,14.697085282105853
2025-11-13,1466.0,1440.875,1411.7266666666665,-0.19742664578936697,15.084285130385325
2025-11-14,1453.1,1442.42,1412.7866666666666,-0.8799454297408027,14.646954057343345
2025-11-17,1460.4,1444.4,1413.9916666666666,0.5023742343954529,14.24148868623074
2025-11-18,1461.9,1445.895,1415.1566666666668,0.10271158586687701,14.439291242266382
2025-11-19,1468.5,1447.77,1416.3483333333336,0.4514672686230181,14.832719876928103
2025-11-20,1472.2,1449.51,1417.5716666666667,0.25195778004767355,15.574807593643108
2025-11-21,1471.5,1451.115,1419.0383333333334,-0.047547887515286824,16.122467977461508
2025-11-24,1476.5,1453.27,1420.475,0.3397893306150257,16.505887306944214
2025-11-25,1469.3,1455.1,1421.7433333333333,-0.48763968845242367,16.12990031620162
2025-11-26,1468.3,1457.465,1422.9783333333335,-0.06805962022732315,14.22167637613273
2025-11-27,1462.7,1458.85,1424.2766666666669,-0.38139344820540266,13.233191921117928
2025-11-28,1466.8,1460.54,1425.5600000000002,0.28030354823271875,11.84347033068341
2025-12-01,1468.0,1462.375,1426.7933333333335,0.0818107444777727,9.72900573705653
2025-12-02,1469.4,1463.815,1428.0183333333334,0.09536784741144277,8.373345869647101
2025-12-03,1466.9,1465.0700000000002,1429.3049999999998,-0.1701374710766257,6.591469766624068
2025-12-04,1473.6,1466.285,1430.6100000000001,0.4567455177585167,5.712615310374335
2025-12-05,1473.3,1466.875,1432.025,-0.020358306188916764,5.801077486132634
2025-12-08,1469.8,1467.525,1433.405,-0.23756193579039797,5.321245896860444
2025-12-09,1469.9,1467.85,1434.7733333333333,0.0068036467546717105,5.254121189485715
2025-12-10,1470.8,1467.9450000000002,1436.145,0.06122865501052566,5.2911519987431035
2025-12-11,1471.9,1468.2400000000002,1437.4983333333332,0.07478923035084684,5.341239753594978
2025-12-12,1477.0,1469.435,1438.8583333333333,0.3464909300903596,4.358932148337408
2025-12-15,1468.6,1469.845,1440.225,-0.5687203791469253,3.8162360900321515
2025-12-16,1473.0,1470.4,1441.7833333333333,0.29960506604931325,3.382462510022618
2025-12-17,1474.5,1470.7,1443.4199999999998,0.10183299389001643,3.4700219929720753
2025-12-18,1473.1,1470.745,1444.8216666666665,-0.09494743981011133,3.4962348168948827
2025-12-19,1478.0,1471.07,1446.1716666666664,0.3326318647749682,3.8539248620384434
2025-12-22,1481.0,1471.2949999999998,1447.6633333333332,0.2029769959404515,4.2938726233316595
2025-12-23,1481.0,1471.8799999999999,1449.1133333333332,0.0,4.777535149572447
2025-12-24,1445.7,1470.75,1449.811666666667,-2.3835246455097825,7.541848161050513
2025-12-26,1442.2,1469.725,1450.3600000000001,-0.2420972539254329,9.760277983536827
2025-12-29,1434.1,1468.09,1450.7666666666667,-0.561641935931223,12.601415960543527
2025-12-30,1439.5,1466.665,1451.4183333333333,0.3765427794435672,14.13075313670976
2025-12-31,,,,,
2026-01-02,1444.7,,,,
2026-01-05,1445.6,,,0.062296670589034875,
2026-01-06,1447.1,,,0.10376314333149228,
2026-01-07,1447.6,,,0.03455186234537777,
2026-01-08,1451.8,,,0.29013539651838727,
2026-01-09,1459.0,,,0.495936079349768,
2026-01-12,1468.8,,,0.6716929403701055,
2026-01-13,1478.8,,,0.6808278867102446,
2026-01-14,1464.0,,,-1.0008114687584446,
2026-01-15,1469.2,,,0.3551912568306115,
2026-01-16,1474.5,,,0.36074053906887116,
2026-01-19,1473.1,,,-0.09494743981011133,
2026-01-20,1476.7,,,0.24438259452854716,
2026-01-21,1465.9,,,-0.7313604659036965,
2026-01-22,1464.5,,,-0.095504468244767,
2026-01-23,1462.5,,,-0.13656538067600144,
2026-01-26,1443.9,,,-1.2717948717948624,
2026-01-27,1437.5,,,-0.44324399196621345,
2026-01-28,1436.1,,,-0.09739130434782695,
2026-01-29,1434.0,1457.265,,-0.14622937121370194,14.412175956097919
2026-01-30,1443.5,1457.2050000000002,,0.662482566248257,14.46962244442693
2026-02-02,1451.5,1457.5,,0.554208520956001,14.279466302869707
2026-02-03,1446.6,1457.475,,-0.33758181191870795,14.299056833086714
2026-02-04,1459.5,1458.0700000000002,,0.8917461634176727,14.112894439970217
2026-02-05,1463.7,1458.665,,0.2877697841726645,14.085463764950942
2026-02-06,1463.0,1458.865,,-0.04782400765184214,14.118829346136533
2026-02-09,1457.7,1458.31,,-0.3622693096377305,13.924567459976197
2026-02-10,1457.2,1457.23,,-0.03430061055086364,13.062686916317677
2026-02-11,1447.0,1456.3799999999999,,-0.699972550096073,13.151769942925036
2026-02-12,1438.6,1454.85,,-0.5805114029025615,13.360133154081009
2026-02-13,1444.6,1453.355,,0.417072153482545,12.702278079977653
2026-02-19,1448.9,1452.145,,0.2976602519728866,11.846184151337036
2026-02-20,1446.6,1450.6399999999999,,-0.15874111394852397,10.384218795846463
2026-02-23,1442.9,1449.49,,-0.255772155398859,9.865938213981932
2026-02-24,1441.0,1448.315,,-0.13167925705177552,9.37119185814172
2026-02-25,1427.8,1446.58,,-0.9160305343511532,9.808728658430862
2026-02-26,1433.5,1446.06,,0.3992155764112715,10.225118709900729
2026-02-27,1440.0,1446.185,,0.4534356470177858,10.129803603852116
2026-03-03,1485.7,1448.665,,3.1736111111111187,13.151676899283839
2026-03-04,1462.9,1450.11,,-1.5346301406744312,13.042799989992726
2026-03-05,1482.2,1452.0449999999998,,1.3192972862123176,14.767263759660663
2026-03-06,1481.6,1453.55,,-0.040480367021999974,16.17546875591901
2026-03-09,1473.7,1454.905,,-0.5332073434125228,16.68953264774171
2026-03-10,1465.7,1455.215,,-0.5428513265929302,16.83631022835174
2026-03-11,1477.0,1455.8799999999999,,0.7709626799481395,17.440895679560306
2026-03-12,1488.5,1457.155,,0.7786052809749533,18.862898002499023
2026-03-13,1497.5,1459.145,,0.6046355391333469,20.911580146191465
2026-03-16,1491.9,1460.88,,-0.3739565943238654,22.144848515841055
2026-03-17,1488.4,1462.95,,-0.23460017427441304,22.706931471297324
2026-03-18,1500.7,1466.0549999999998,,0.8263907551733451,23.436150101479033
2026-03-19,1495.0,1468.575,,-0.37982274938362925,23.71574815447408
2026-03-20,1504.7,1471.365,,0.648829431438136,24.546974837734155
2026-03-23,1486.7,1473.3700000000001,,-1.196251744533794,24.050366011005185
2026-03-24,1499.9,1476.22,,0.8878724692271467,23.623084160696134
2026-03-25,1501.7,1479.2549999999999,,0.12000800053335592,22.742852549877245
2026-03-26,1508.0,1483.2649999999999,,0.4195245388559643,20.110962577402766
2026-03-27,1511.4,1487.16,,0.22546419098143922,17.314684975179894
2026-03-30,1518.2,1491.0700000000002,,0.44991398703189134,14.74310186602029
2026-03-31,1517.0,1492.635,,-0.0790409695692329,15.768665631237015
2026-04-01,1513.3,1495.1550000000002,1467.51,-0.24390243902439046,14.761667107402587
2026-04-02,1510.6,1496.575,1468.6083333333333,-0.17841802682878605,14.815741095565647
2026-04-03,1511.4,1498.065,1469.7050000000002,0.05295908910367686,14.72867861298243
2026-04-06,1509.8,1499.8700000000001,1470.75,-0.10586211459574502,13.766171351706218
2026-04-07,1501.0,1501.635,1471.64,-0.582858656775731,11.173336447487747
2026-04-08,1479.2,1501.7450000000001,1472.0966666666668,-1.452365089940033,10.926138384641549
2026-04-09,1474.7,1501.055,1472.3583333333333,-0.3042184964845873,12.17138468965183
2026-04-10,1483.5,1500.355,1472.6033333333332,0.5967315386180116,12.774253505857308
2026-04-13,1482.7,1499.895,1472.6683333333333,-0.05392652510953777,13.2514736022793
2026-04-14,1472.7,1499.1100000000001,1472.8133333333333,-0.6744452687664437,14.384820215487588
2026-04-15,1475.5,1497.85,1472.9183333333335,0.1901269776600767,15.312000797458401
2026-04-16,1479.2,1497.06,1472.9966666666667,0.2507624534056285,15.86440570652938
2026-04-17,1460.0,1494.825,1472.7783333333332,-1.2979989183342422,17.766137956658806
2026-04-20,1472.8,1494.1299999999999,1472.7133333333334,0.8767123287671152,18.362579224873762
2026-04-21,1480.8,1493.175,1472.9616666666666,0.5431830526887671,18.54249387077301
2026-04-22,1480.3,1492.105,1473.225,-0.03376553214479161,18.641845261055092
2026-04-23,1479.2,1490.6650000000002,1473.5033333333333,-0.07430926163615181,18.460862584632746
2026-04-24,1476.8,1488.935,1474.0516666666665,-0.16224986479178582,18.031705264258974
2026-04-27,1473.6,1486.705,1474.6533333333332,-0.21668472372697867,16.947239334265685
2026-04-28,1473.2,1484.5149999999999,1475.2716666666668,-0.02714440825188902,15.603045417995421
2026-04-29,1488.5,1483.275,1476.18,1.0385555253869194,14.108969711358133
2026-04-30,1477.5,1481.6200000000001,1476.7466666666667,-0.738998992274098,12.595136906140926
2026-05-04,1478.4,1479.97,1477.195,0.060913705583764965,10.47096738104699
2026-05-06,1449.4,1476.95,1477.2416666666666,-1.9615800865800836,10.118950434453799
2026-05-07,1456.0,1474.7,1477.1833333333334,0.4553608389678443,9.472175318444062
2026-05-08,1462.3,1473.855,1477.16,0.43269230769229505,9.797823335080162
2026-05-11,1472.7,1473.7549999999999,1477.3216666666667,0.7112083703754379,9.79895134025058
2026-05-12,1490.9,1474.125,1477.875,1.2358253547905207,10.312530701717415
2026-05-13,1489.3,1474.455,1478.41,-0.10731772754712932,10.699703635845198
2026-05-14,1493.4,1475.4900000000002,1479.1833333333334,0.27529711945211144,11.492784921999833
2026-05-15,1497.5,1476.5900000000001,1480.165,0.27454131511985835,12.502290316501618
2026-05-18,1492.9,1477.275,1480.97,-0.30717863105175214,13.017513506616249
2026-05-19,1508.7,1479.71,1481.9666666666667,1.0583428226940805,14.12384694875277
2026-05-20,1496.7,1480.9050000000002,1482.8016666666665,-0.7953867568105011,14.514112007582204
2026-05-21,1508.0,1482.2649999999999,1483.8866666666665,0.7549943208391863,15.727390622404663
2026-05-22,1517.6,1484.1299999999999,1485.1633333333334,0.6366047745357983,17.58408670541056
2026-05-26,1507.2,1485.53,1486.4866666666667,-0.6852925672113819,18.272098372863873
2026-05-27,1500.2,1486.7,1487.5983333333331,-0.4644373673036051,18.43215154360901
2026-05-28,1494.7,1487.755,1488.5099999999998,-0.366617784295431,18.24579187245347
2026-05-29,1504.8,1489.335,1488.8283333333334,0.6757208804442305,18.287219437003202
2026-06-01,1512.9,1490.5549999999998,1489.6616666666669,0.5382775119617378,19.02750018153112
2026-06-02,1519.0,1492.6299999999999,1490.275,0.40319915394275707,19.776969593850122
2026-06-04,1532.0,1495.31,1491.1150000000002,0.8558262014483287,21.31875625878182
2026-06-05,1559.0,1500.7900000000002,1492.5366666666669,1.762402088772852,22.92249871564495
2026-06-08,1526.5,1504.315,1493.55,-2.084669660038485,21.013436177844408
2026-06-09,1532.7,1507.835,1494.4783333333332,0.4061578774975372,19.442716807135316
2026-06-10,1520.2,1510.21,1495.0066666666667,-0.8155542506687596,17.752654360474487
2026-06-11,1531.6,1512.2450000000001,1495.575,0.7499013287725287,17.75536909161073
2026-06-12,1518.3,1513.6950000000002,1496.0149999999999,-0.8683729433272336,16.948761016675686
2026-06-15,1515.2,1514.7849999999999,1496.4616666666668,-0.2041757228479213,16.261943788793044
2026-06-16,1508.3,1515.325,1496.5883333333331,-0.4553854276663216,15.831377072143592
2026-06-17,1515.5,1516.4550000000002,1496.9299999999998,0.47735861566002846,14.927243726273037
2026-06-18,1540.0,1518.02,1497.5183333333332,1.616628175519641,15.69255941690327
2026-06-19,1531.0,1519.7350000000001,1498.2566666666667,-0.5844155844155874,15.103128814931605
2026-06-22,1538.9,1521.28,1498.9066666666668,0.5160026126714623,15.416723660411067
2026-06-23,1533.1,1522.055,1499.4299999999998,-0.3768925856131089,15.610370203655211
2026-06-24,1542.7,1523.83,1500.0083333333334,0.6261822451242738,15.848828613544022
2026-06-25,1543.1,1525.975,1500.5366666666666,0.025928566798461006,15.378483773062456
2026-06-26,1535.8,1528.03,1500.8300000000002,-0.47307368284621454,13.625444464037384
2026-06-29,1543.0,1529.94,1501.2633333333333,0.46881104310456667,12.853236332184919
2026-06-30,1549.5,1531.77,1501.8666666666666,0.4212572909915835,12.904837934113928
2026-07-01,1551.2,1533.38,1502.5433333333333,0.10971281058407278,13.232281101850374
2026-07-02,1540.0,1533.78,1503.02,-0.7220216606498187,13.309062998394396
2026-07-03,1530.0,1532.33,1503.3566666666666,-0.649350649350644,11.924503741211637
2026-07-06,1530.0,1532.5049999999999,1503.84,0.0,11.859949187805535
2026-07-07,1515.8,1531.66,1504.45,-0.9281045751634021,12.433503126652711
2026-07-08,1505.0,1530.9,1504.9550000000002,-0.7124950521176898,13.58234147709735
2026-07-09,1509.5,1529.795,1505.3883333333333,0.2990033222591393,14.396946862020496
2026-07-10,1498.5,1528.8049999999998,1505.6516666666669,-0.7287181185823166,15.837679089684718
2026-07-13,1497.5,1527.92,1506.0649999999998,-0.0667334000667319,17.083466922897323
2026-07-14,1490.5,1527.03,1506.3149999999998,-0.4674457429048373,18.559324511313683
2026-07-15,1487.0,1525.605,1506.445,-0.2348205300234829,20.4853856765315
2026-07-16,1482.0,1522.705,1506.8116666666667,-0.336247478143914,22.359914202839285
2026-07-20,1477.9,1520.05,1506.8966666666665,-0.27665317139000667,24.384043531535028
2026-07-21,1482.0,1517.2050000000002,1506.9166666666667,0.2774206644563071,25.368494239911325
2026-07-22,1477.5,1514.425,1506.87,-0.30364372469635637,26.553736480070622
2026-07-23,1474.2,1511.0,1506.7866666666669,-0.2233502538071086,27.126293323527833
2026-07-24,1458.5,1506.77,1506.4816666666668,-1.0649843983177365,28.422435541410437
2026-07-27,1465.2,1503.24,1506.3416666666667,0.4593760713061501,29.005415102416837
2026-07-28,1454.1,1498.795,1506.0233333333333,-0.757575757575768,29.400760373273513
2026-07-29,1446.5,1493.645,1505.3233333333333,-0.5226600646447865,29.070702832202176
2026-07-30,1418.0,1486.9850000000001,1504.3316666666665,-1.9702730729346696,30.417693517879556
2026-07-31,1435.5,1481.76,1503.6166666666666,1.2341325811001447,29.800731181426222
2026-08-03,1429.5,1476.7350000000001,1503.2849999999999,-0.4179728317659337,29.711406191814223
2026-08-04,1429.0,1471.685,1502.8349999999998,-0.034977264777891204,28.749375736933448
2026-08-05,1422.5,1467.02,1502.1716666666664,-0.4548635409377222,28.78394289219694
2026-08-06,1424.1,1462.975,1501.3616666666667,0.11247803163443315,28.85006385106822
2026-08-07,1408.5,1457.925,1499.9883333333335,-1.0954286918053446,29.116008890031225
2026-08-10,1418.3,1453.915,1498.805,0.6957756478523258,28.75422669159667
2026-08-11,1413.7,1449.725,1497.4766666666667,-0.32433194669674315,28.168457069643434
2026-08-12,1418.5,1446.125,1496.16,0.33953455471458227,27.269587359125218
2026-08-13,1418.6,1442.705,1494.9216666666666,0.007049700387717905,26.139211823177597
2026-08-14,1416.8,1439.4450000000002,1493.3899999999999,-0.12688566192019524,25.02244203236864
2026-08-18,1412.5,1436.175,1491.9866666666667,-0.30350084697911006,23.984334251209894
2026-08-19,1389.1,1431.53,1490.005,-1.6566371681415948,23.635746789891055
2026-08-20,1396.0,1427.455,1487.9783333333332,0.4967244978763219,22.27974002966622
2026-08-21,1386.2,1423.055,1485.9616666666666,-0.7020057306590277,21.22688154204517
2026-08-24,1383.2,1419.29,1484.0116666666665,-0.21641898715913932,21.287008640062783
2026-08-25,1382.7,1415.165,1482.1450000000002,-0.03614806246384772,19.86849595663781
2026-08-26,1386.3,1411.775,1480.1699999999998,0.26036016489476843,18.6205849588701
2026-08-27,1381.5,1408.525,1477.9799999999998,-0.3462454014282579,17.899275933604965
2026-08-28,1379.9,1406.62,1475.6616666666666,-0.11581614187476941,18.84051066466134
2026-08-31,1368.0,1403.245,1472.9283333333333,-0.8623813319805884,19.431349466910575
2026-09-01,1375.0,1400.52,1469.8616666666667,0.5116959064327409,19.377023833177052
2026-09-02,1359.2,1397.03,1467.0733333333333,-1.1490909090909107,20.243962062795884
2026-09-03,1357.5,1393.78,1464.1533333333332,-0.12507357268981556,21.137634185198568
